Location,Year,time,Plot #,Rep,Cov_Wood,Cov_Litter,Cov_BG,Cov_Veg,Cov_Feces,HT1_Wood,HT1_Litter,HT1_Veg,HT1,HT2_Wood,HT2_Litter,HT2_Veg,HT2,HT3_Wood,HT3_Litter,HT3_Veg,HT3,HT4_Wood,HT4_Litter,HT4_Veg,HT4
Lake Morena,2018,pregoat,1,5,2,20,60,1,0,0,0,0,0,0,5,0,5,23,0,0,23,12,0,0,12
Lake Morena,2018,pregoat,1,10,2,3,65,5,0,0,0,0,0,27,0,0,27,0,0,0,0,0,1,0,1
Lake Morena,2018,pregoat,1,15,10,4,62,30,0,13,1,79,79,5,2,49,49,10,0,0,10,0,1,0,1
Lake Morena,2018,pregoat,1,20,0.5,1,95,5,0,0,2,9,9,0,0,48,48,7,0,0,7,0,1,22,22
Lake Morena,2018,pregoat,1,25,30,25,10,20,0,1,0,0,1,54,0,0,54,5,0,40,40,1,0,0,1
Lake Morena,2018,pregoat,2,5,3,12,5,20,0,1,1,0,1,0,0,11,11,2,2,0,2,0,0,0,0
Lake Morena,2018,pregoat,2,10,5,90,0,100,0,0,3,100,100,7,5,45,45,0,2,100,100,11,20,137,137
Lake Morena,2018,pregoat,2,15,10,7,0,20,0,0,0,0,0,7,3,0,7,1,0,0,1,0,9,75,75
Lake Morena,2018,pregoat,2,20,6,15,20,15,0,0,0,0,0,1,1,85,85,0,3,22,22,1,1,0,1
Lake Morena,2018,pregoat,2,25,3,25,35,10,0,0,0,0,0,2,1,0,2,0,0,0,0,0,0,3,3
Lake Morena,2018,pregoat,3,5,2,90,0,100,0,0,3,1200,1200,0,3,1200,1200,0,5,1200,1200,0,3,1200,1200
Lake Morena,2018,pregoat,3,10,1,75,1,45,0,0,1,5,5,0,3,45,45,0,2,0,2,0,0,2,2
Lake Morena,2018,pregoat,3,15,2,60,10,35,0,0,1,9,9,1,0,40,40,27,1,45,45,2,1,50,50
Lake Morena,2018,pregoat,3,20,5,20,20,30,0,2,1,10,10,17,1,0,17,0,0,1,1,0,1,60,60
Lake Morena,2018,pregoat,3,25,1,2,85,8,0,1,0,0,1,0,0,0,0,2,1,51,51,0,0,9,9
Lake Morena,2018,pregoat,4,5,25,95,0,75,0,12,3,4,12,5,2,30,30,3,2,26,26,12,2,38,38
Lake Morena,2018,pregoat,4,10,1,95,0,80,0,0,8,800,800,0,5,800,800,4,3,800,800,0,3,800,800
Lake Morena,2018,pregoat,4,15,1,97,0,90,0,0,2,900,900,0,5,900,900,0,3,900,900,0,2,900,900
Lake Morena,2018,pregoat,4,20,5,90,0,90,0,4,5,700,700,0,1,700,700,5,1,700,700,15,7,700,700
Lake Morena,2018,pregoat,4,25,20,60,3,65,0,0,0,39,39,0,1,7,7,29,1,7,29,20,2,0,20
Lake Morena,2018,pregoat,5,5,2,2,40,15,0,0,0,2,2,1,1,32,32,0,1,3,3,0,0,2,2
Lake Morena,2018,pregoat,5,10,10,7,45,25,0,8,0,0,8,0,3,9,9,2,2,0,2,3,1,0,3
Lake Morena,2018,pregoat,5,15,10,75,1,18,0,0,6,0,6,2,2,66,66,0,1,0,1,7,2,10,10
Lake Morena,2018,pregoat,5,20,3,55,20,45,0,0,3,0,3,2,2,10,10,0,2,150,150,6,2,115,115
Lake Morena,2018,pregoat,5,25,2,90,2,100,0,25,3,190,190,0,7,210,210,0,7,145,145,0,10,178,178
Lake Morena,2018,pregoat,6,5,20,6,4,55,0,17,0,31,31,0,0,0,0,1,2,24,24,0,10,24,24
Lake Morena,2018,pregoat,6,10,15,4,0.5,2,0,28,0,0,28,2,0,0,2,0,0,0,0,0,0,0,0
Lake Morena,2018,pregoat,6,15,25,9,1,25,0,0,0,30,30,0,0,0,0,0,1,20,20,0,0,10,10
Lake Morena,2018,pregoat,6,20,10,7,25,50,0,3,6,0,6,0,0,19,19,18,2,0,18,0,2,110,110
Lake Morena,2018,pregoat,6,25,9,80,4,8,0,0,1,0,1,3,0,0,3,0,0,10,10,6,2,0,6
Lake Morena,2018,pregoat,7,5,1,1,93,5,0,1,0,0,1,1,0,89,89,0,0,0,0,0,0,5,5
Lake Morena,2018,pregoat,7,10,30,50,6,15,0,1,0,0,1,7,1,24,24,0,0,13,13,31,1,0,31
Lake Morena,2018,pregoat,7,15,8,20,4,85,0,1,0,24,24,0,0,12,12,0,1,27,27,0,0,23,23
Lake Morena,2018,pregoat,7,20,20,5,25,20,0,0,0,0,0,4,0,6,6,3,1,0,3,1,0,79,79
Lake Morena,2018,pregoat,7,25,4,1,80,16,0,1,0,48,48,0,0,8,8,0,0,21,21,1,0,10,10
Lake Morena,2018,pregoat,8,5,8,50,0,50,0,0,0,0,0,0,1,97,97,0,0,0,0,0,3,7,7
Lake Morena,2018,pregoat,8,10,15,15,75,10,0,0,0,0,0,0,1,0,1,14,1,0,14,0,2,82,82
Lake Morena,2018,pregoat,8,15,2,10,65,25,0,1,1,0,1,5,2,44,44,0,2,0,2,0,2,60,60
Lake Morena,2018,pregoat,8,20,7,5,85,12,0,0,0,0,0,0,0,0,0,28,0,0,28,0,0,75,75
Lake Morena,2018,pregoat,8,25,8,70,20,5,0,0,1,0,1,4,2,0,4,0,0,160,160,1,1,99,99
Lake Morena,2018,pregoat,9,5,2,7,30,65,0,0,0,39,39,2,1,31,31,7,2,75,75,0,0,80,80
Lake Morena,2018,pregoat,9,10,1,60,2,5,0,0,3,17,17,0,2,7,7,0,0,0,0,3,0,0,3
Lake Morena,2018,pregoat,9,15,2,2,5,15,0,0,0,0,0,0,0,0,0,10,0,80,80,12,1,30,30
Lake Morena,2018,pregoat,9,20,0,3,2,5,0,0,0,0,0,0,0,0,0,0,0,0,0,0,0,0,0
Lake Morena,2018,pregoat,9,25,10,20,10,70,0,27,9,32,32,0,1,23,23,0,0,0,0,10,0,0,10
Lake Morena,2018,pregoat,10,5,5,20,55,20,0,1,1,22,22,1,1,6,6,2,0,47,47,0,0,0,0
Lake Morena,2018,pregoat,10,10,1,1,96,2,0,0,1,0,1,0,0,4,4,9,0,0,9,2,0,0,2
Lake Morena,2018,pregoat,10,15,7,10,80,20,0,1,0,0,1,0,1,40,40,0,1,36,36,1,0,0,1
Lake Morena,2018,pregoat,10,20,15,25,65,3,0,0,0,0,0,2,0,0,2,12,1,27,27,1,0,0,1
Lake Morena,2018,pregoat,10,25,8,75,8,25,0,9,1,5,9,2,0,0,2,1,1,3,3,3,1,85,85
Lake Morena,2018,pregoat,11,5,3,90,3,1,0,3,1,0,3,0,2,0,2,0,1,0,1,1,1,0,1
Lake Morena,2018,pregoat,11,10,1,9,0,95,0,0,1,17,17,0,3,900,900,0,2,900,900,0,2,900,900
Lake Morena,2018,pregoat,11,15,0,95,2,50,0,3,1,5,5,0,1,31,31,0,0,900,900,0,3,14,14
Lake Morena,2018,pregoat,11,20,5,85,5,50,0,85,0,0,85,2,1,40,40,0,1,45,45,10,2,0,10
Lake Morena,2018,pregoat,11,25,2,90,5,6,0,0,1,20,20,0,1,10,10,1,1,55,55,0,1,60,60
Lake Morena,2018,pregoat,12,5,0.5,20,75,5,0,0,0,0,0,0,1,8,8,0,0,0,0,0,2,0,2
Lake Morena,2018,pregoat,12,10,1,3,70,8,0,0,0,3,3,0,0,0,0,0,0,2,2,0,0,1,1
Lake Morena,2018,pregoat,12,15,2,5,55,20,0,0,3,35,35,3,3,0,3,6,1,20,20,2,0,0,2
Lake Morena,2018,pregoat,12,20,12,5,70,25,0,0,0,0,0,0,0,95,95,0,0,0,0,12,0,0,12
Lake Morena,2018,pregoat,12,25,5,5,65,45,0,0,0,10,10,0,1,70,70,0,0,30,30,0,0,18,18
Lake Morena,2018,pregoat,13,5,25,5,35,35,0,0,0,0,0,0,0,0,0,37,1,38,38,2,1,64,64
Lake Morena,2018,pregoat,13,10,6,50,35,10,0,5,1,67,67,2,1,0,2,0,0,0,0,0,0,7,7
Lake Morena,2018,pregoat,13,15,10,20,60,15,0,1,0,0,1,0,2,68,68,1,0,5,5,1,0,0,1
Lake Morena,2018,pregoat,13,20,2,3,90,10,0,0,0,75,75,0,0,13,13,1,0,0,1,0,0,0,0
Lake Morena,2018,pregoat,13,25,45,35,23,3,0,0,0,0,0,3,2,0,3,1,0,5,5,3,0,0,3
Lake Morena,2018,pregoat,14,5,20,20,10,50,0,3,1,0,3,2,2,0,2,0,0,105,105,11,1,0,11
Lake Morena,2018,pregoat,14,10,25,18,55,2,0,0,0,4,4,0,2,0,2,0,0,0,0,3,1,0,3
Lake Morena,2018,pregoat,14,15,35,5,25,36,0,2,1,0,2,3,0,0,3,0,0,0,0,1,1,101,101
Lake Morena,2018,pregoat,14,20,20,55,4,15,0,1,1,8,8,3,2,4,4,2,1,6,6,1,1,115,115
Lake Morena,2018,pregoat,14,25,15,50,35,5,0,1,0,0,1,2,2,0,2,0,0,0,0,2,1,57,57
Lake Morena,2018,pregoat,15,5,2,5,20,80,0,0,2,8,8,0,2,10,10,2,1,6,6,0,0,4,4
Lake Morena,2018,pregoat,15,10,12,55,2,62,0,80,2,18,80,0,0,11,11,4,2,0,4,0,5,42,42
Lake Morena,2018,pregoat,15,15,8,20,25,7,0,0,0,3,3,0,0,7,7,2,0,0,2,8,0,0,8
Lake Morena,2018,pregoat,15,20,7,45,10,40,0,0,1,5,5,1,0,9,9,47,1,48,48,0,2,14,14
Lake Morena,2018,pregoat,15,25,60,30,1,9,0,9,2,0,9,0,3,15,15,5,2,22,22,23,2,19,23
Lake Morena,2018,pregoat,16,5,40,60,0,90,0,50,0,100,100,125,6,800,800,55,12,800,800,88,0,800,800
Lake Morena,2018,pregoat,16,10,30,75,0,100,0,100,0,800,800,68,2,800,800,130,5,800,800,110,1,800,800
Lake Morena,2018,pregoat,16,15,1,25,0,100,0,0,2,18,18,0,3,21,21,0,3,15,15,0,3,30,30
Lake Morena,2018,pregoat,16,20,1,25,2,95,0,0,5,64,64,0,6,41,41,2,2,0,2,0,2,10,10
Lake Morena,2018,pregoat,16,25,2,55,3,80,0,0,2,75,75,0,4,69,69,8,1,61,61,1,1,99,99
Lake Morena,2018,pregoat,17,5,20,40,10,25,0,0,0,5,5,0,1,0,1,1,1,26,26,7,1,3,7
Lake Morena,2018,pregoat,17,10,20,20,2,65,0,6,1,4,6,0,0,2,2,9,0,3,9,2,1,15,15
Lake Morena,2018,pregoat,17,15,15,90,1,10,0,3,2,0,3,2,0,0,2,4,3,0,4,4,2,63,63
Lake Morena,2018,pregoat,17,20,2,1,95,5,0,0,0,0,0,2,0,0,2,0,0,0,0,0,0,53,53
Lake Morena,2018,pregoat,17,25,25,10,40,25,0,7,1,0,7,0,0,0,0,5,1,17,17,0,3,0,3
Lake Morena,2018,pregoat,18,5,2,10,90,1,0,0,0,0,0,0,0,3,3,9,0,0,9,0,0,4,4
Lake Morena,2018,pregoat,18,10,2,15,5,45,0,0,1,6,6,1,0,40,40,0,1,82,82,0,2,22,22
Lake Morena,2018,pregoat,18,15,3,20,35,25,0,1,0,0,1,0,2,20,20,0,1,0,1,0,0,0,0
Lake Morena,2018,pregoat,18,20,5,30,20,35,0,3,0,2,3,0,1,5,5,1,1,80,80,0,0,56,56
Lake Morena,2018,pregoat,18,25,4,25,75,1,0,0,0,0,0,0,0,0,0,0,0,1,1,3,0,0,3
Lake Morena,2018,pregoat,19,5,60,100,0,15,0,35,2,0,35,50,10,230,230,30,4,220,220,15,9,400,400
Lake Morena,2018,pregoat,19,10,12,98,0,8,0,2,1,120,120,44,1,115,115,0,1,0,1,0,3,122,122
Lake Morena,2018,pregoat,19,15,50,99,0,25,0,40,1,250,250,40,1,100,100,50,4,120,120,60,3,190,190
Lake Morena,2018,pregoat,19,20,35,95,0,10,0,100,1,0,100,102,1,210,210,50,2,0,50,70,3,200,200
Lake Morena,2018,pregoat,19,25,10,100,0,95,0,0,4,390,390,60,4,380,380,60,4,380,380,0,4,380,380
Lake Morena,2018,pregoat,20,5,55,15,2,30,0,17,2,84,84,2,0,89,89,2,0,102,102,30,1,97,97
Lake Morena,2018,pregoat,20,10,50,60,2,35,0,2,1,86,86,0,1,94,94,82,0,107,107,90,4,95,95
Lake Morena,2018,pregoat,20,15,10,15,25,40,0,1,1,0,1,2,0,0,2,0,0,180,180,2,1,0,2
Lake Morena,2018,pregoat,20,20,6,95,0,80,0,61,1,230,230,0,1,230,230,2,1,73,73,89,3,77,89
Lake Morena,2018,pregoat,20,25,35,85,0,75,0,1,0,93,93,34,1,81,81,40,1,86,86,29,2,66,66
Lake Morena,2018,pregoat,21,5,15,35,25,1,0,92,5,0,92,32,1,35,35,200,1,160,200,80,0,148,148
Lake Morena,2018,pregoat,21,10,60,90,5,70,0,14,1,300,300,0,2,160,160,150,3,250,250,90,2,230,230
Lake Morena,2018,pregoat,21,15,25,90,2,30,0,110,2,130,130,180,1,0,180,105,8,190,190,115,5,200,200
Lake Morena,2018,pregoat,21,20,45,65,3,25,0,0,1,240,240,64,5,8,64,120,2,150,150,55,3,101,101
Lake Morena,2018,pregoat,21,25,80,95,0,12,0,6,5,230,230,150,5,300,300,90,2,0,90,115,3,140,140
Lake Morena,2018,pregoat,22,5,20,15,75,2,0,2,0,0,2,0,1,105,105,10,0,0,10,1,0,96,96
Lake Morena,2018,pregoat,22,10,2,70,1,70,0,0,0,0,0,0,2,97,97,0,1,100,100,0,2,155,155
Lake Morena,2018,pregoat,22,15,75,60,0,85,0,92,0,70,92,84,1,152,152,53,3,113,113,70,1,110,110
Lake Morena,2018,pregoat,22,20,70,60,0,80,0,89,4,113,113,44,0,69,69,71,1,82,82,82,0,0,82
Lake Morena,2018,pregoat,22,25,8,15,75,10,0,94,0,104,104,0,0,0,0,62,1,90,90,88,0,120,120
Lake Morena,2018,pregoat,23,5,40,90,0,75,0,70,0,100,100,60,1,105,105,20,2,90,90,130,3,180,180
Lake Morena,2018,pregoat,23,10,50,80,2,65,0,110,1,200,200,105,1,240,240,115,1,240,240,110,1,110,110
Lake Morena,2018,pregoat,23,15,85,60,5,30,0,25,2,150,150,140,1,155,155,70,1,150,150,150,1,280,280
Lake Morena,2018,pregoat,23,20,80,70,0,30,0,22,1,0,22,16,2,101,101,100,1,110,110,130,1,170,170
Lake Morena,2018,pregoat,23,25,25,40,15,70,0,110,1,210,210,120,0,210,210,140,1,220,220,140,1,220,220
Lake Morena,2018,pregoat,24,5,40,35,20,25,0,81,0,180,180,95,0,114,114,114,3,127,127,136,0,107,136
Lake Morena,2018,pregoat,24,10,20,5,15,20,0,113,1,84,113,0,1,0,1,0,0,0,0,90,1,196,196
Lake Morena,2018,pregoat,24,15,10,5,35,38,0,1,0,74,74,127,2,113,127,62,0,190,190,0,0,111,111
Lake Morena,2018,pregoat,24,20,20,3,60,15,0,62,0,0,62,92,0,0,92,0,0,0,0,100,3,91,100
Lake Morena,2018,pregoat,24,25,50,2,10,38,0,0,0,0,0,10,1,110,110,54,1,130,130,1,1,155,155
Lake Morena,2018,pregoat,25,5,10,95,1,2,0,0,0,0,0,1,1,115,115,170,0,0,170,2,1,0,2
Lake Morena,2018,pregoat,25,10,35,70,6,2,0,36,1,57,57,0,0,0,0,65,2,55,65,34,2,0,34
Lake Morena,2018,pregoat,25,15,5,95,1,60,0,105,4,60,105,74,5,145,145,40,4,210,210,45,5,220,220
Lake Morena,2018,pregoat,25,20,3,99,0,2,0,0,0,0,0,0,3,104,104,1,1,0,1,3,2,0,3
Lake Morena,2018,pregoat,25,25,6,99,0,75,0,50,3,205,205,0,4,210,210,0,4,220,220,55,4,200,200
Lake Morena,2018,pregoat,26,5,9,95,3,15,0,0,1,180,180,1,1,170,140,0,1,185,185,110,3,200,200
Lake Morena,2018,pregoat,26,10,20,40,20,35,0,192,0,0,192,80,0,130,130,33,0,150,150,120,0,200,200
Lake Morena,2018,pregoat,26,15,6,100,0,90,0,70,4,200,200,3,4,230,230,1,4,290,290,35,4,280,280
Lake Morena,2018,pregoat,26,20,9,100,0,15,0,2,3,300,300,97,4,102,102,176,3,240,240,135,4,285,285
Lake Morena,2018,pregoat,26,25,4,100,0,35,0,0,2,0,2,0,2,260,260,120,3,200,200,270,1,300,300
Lake Morena,2018,pregoat,27,5,15,50,10,20,0,3,1,112,112,0,0,0,0,2,1,125,125,50,1,35,35
Lake Morena,2018,pregoat,27,10,4,85,6,27,0,0,0,156,156,102,0,0,102,104,1,80,104,0,1,0,1
Lake Morena,2018,pregoat,27,15,5,90,3,30,0,14,1,110,110,20,1,110,110,30,2,155,155,145,5,0,145
Lake Morena,2018,pregoat,27,20,10,85,2,7,0,0,0,0,0,2,1,116,116,35,2,70,70,1,1,0,1
Lake Morena,2018,pregoat,27,25,5,99,1,60,0,4,2,210,210,3,1,280,280,0,1,270,270,26,1,220,220
Lake Morena,2018,pregoat,28,5,1,1,99,5,0,0,2,0,2,0,0,0,0,1,0,105,105,0,0,73,73
Lake Morena,2018,pregoat,28,10,10,90,2,100,0,88,1,200,200,1,2,250,250,62,2,250,250,99,3,250,250
Lake Morena,2018,pregoat,28,15,20,20,2,45,0,0,0,89,89,66,0,0,66,2,1,111,111,0,1,73,73
Lake Morena,2018,pregoat,28,20,10,70,15,40,0,115,1,0,115,50,1,120,50,0,0,120,120,24,1,115,115
Lake Morena,2018,pregoat,28,25,20,30,10,10,0,2,1,0,2,20,0,98,98,50,0,0,50,39,1,98,98
Lake Morena,2018,postgoat,2,5,2.5,30,12,1,0,,,,2,,,,0,,,,1,,,,0
Lake Morena,2018,postgoat,2,10,3,98,0,88,0,,,,82,,,,87,,,,98,,,,38
Lake Morena,2018,postgoat,2,15,15,70,18,35,0,,,,15,,,,0,,,,76,,,,37
Lake Morena,2018,postgoat,2,20,5,5,25,1,0,,,,0,,,,0,,,,0,,,,3
Lake Morena,2018,postgoat,2,25,4,26,74,2,0,,,,22,,,,1,,,,2,,,,1
Lake Morena,2018,postgoat,3,5,2.5,85,15,80,0.5,,,,1,,,,1,,,,0,,,,2
Lake Morena,2018,postgoat,3,10,1,85,11,28,0.5,,,,1,,,,34,,,,12,,,,1
Lake Morena,2018,postgoat,3,15,3,55,40,10,1,,,,44,,,,1,,,,105,,,,23
Lake Morena,2018,postgoat,3,20,15,65,20,5,0.5,,,,4,,,,1,,,,1,,,,1
Lake Morena,2018,postgoat,3,25,1,10,89,3,0.5,,,,0,,,,0,,,,61,,,,0
Lake Morena,2018,postgoat,4,5,6,94,1,25,0.5,,,,500,,,,500,,,,500,,,,500
Lake Morena,2018,postgoat,4,10,5,97,2,85,0.5,,,,900,,,,900,,,,900,,,,900
Lake Morena,2018,postgoat,4,15,97,2,2,85,0.5,,,,730,,,,730,,,,730,,,,730
Lake Morena,2018,postgoat,4,20,4,55,40,40,0.5,,,,29,,,,790,,,,41,,,,1
Lake Morena,2018,postgoat,4,25,2,5,94,3,1.5,,,,1,,,,2,,,,0,,,,0
Lake Morena,2018,postgoat,5,5,3,5,94,5,1,,,,0,,,,0,,,,3,,,,44
Lake Morena,2018,postgoat,5,10,10,7,85,1,0.5,,,,0,,,,1,,,,2,,,,21
Lake Morena,2018,postgoat,5,15,12,85,6,15,0.5,,,,63,,,,23,,,,2,,,,1
Lake Morena,2018,postgoat,5,20,7,87,6,45,0.5,,,,1,,,,2,,,,143,,,,114
Lake Morena,2018,postgoat,5,25,2,98,0.5,43,0.5,,,,100,,,,48,,,,182,,,,155
Lake Morena,2018,postgoat,6,5,35,40,15,8,0.5,,,,1,,,,1,,,,4,,,,76
Lake Morena,2018,postgoat,6,10,5,27,7,1,0.5,,,,0,,,,0,,,,0,,,,0
Lake Morena,2018,postgoat,6,15,6,42,0.5,0.5,0.5,,,,2,,,,0,,,,1,,,,2
Lake Morena,2018,postgoat,6,20,6,35,2,45,0.5,,,,0,,,,3,,,,0,,,,47
Lake Morena,2018,postgoat,6,25,5,20,50,0,0.5,,,,1,,,,1,,,,2,,,,2
Lake Morena,2018,postgoat,7,5,2,3,98,0.5,0,,,,0,,,,1,,,,0,,,,0
Lake Morena,2018,postgoat,7,10,25,60,10,0.5,1,,,,0.5,,,,6,,,,1,,,,0
Lake Morena,2018,postgoat,7,15,4,40,60,9,0.5,,,,15,,,,2,,,,9,,,,0
Lake Morena,2018,postgoat,7,20,23,70,25,2,1,,,,0.5,,,,1,,,,62,,,,0
Lake Morena,2018,postgoat,7,25,5,4,92,20,0.5,,,,1,,,,0,,,,41,,,,1
Lake Morena,2018,postgoat,8,5,3,60,0,1,1,,,,64,,,,0,,,,0,,,,0.5
Lake Morena,2018,postgoat,8,10,9,15,80,6,0.5,,,,2,,,,0,,,,9,,,,57
Lake Morena,2018,postgoat,8,15,2,8,92,6,0.5,,,,1,,,,85,,,,25,,,,0.5
Lake Morena,2018,postgoat,8,20,14,4,95,6,1,,,,0,,,,0,,,,0,,,,51
Lake Morena,2018,postgoat,8,25,10,30,58,0.5,1,,,,12,,,,0,,,,0,,,,2
Lake Morena,2018,postgoat,9,5,3,30,60,35,0.5,,,,53,,,,0,,,,49,,,,56
Lake Morena,2018,postgoat,9,10,4,30,45,0.5,1,,,,2,,,,10,,,,0,,,,0.5
Lake Morena,2018,postgoat,9,15,18,40,10,23,3,,,,1,,,,52,,,,0,,,,0
Lake Morena,2018,postgoat,9,20,0,10,5,0.5,2,,,,0,,,,0,,,,0,,,,0
Lake Morena,2018,postgoat,9,25,15,70,30,30,0,,,,34,,,,58,,,,7,,,,41
Lake Morena,2018,postgoat,10,5,4,60,40,10,0.5,,,,22,,,,7,,,,55,,,,3
Lake Morena,2018,postgoat,10,10,2,6,94,0.5,0.5,,,,0,,,,0,,,,0,,,,3
Lake Morena,2018,postgoat,10,15,5,35,65,25,0,,,,1,,,,1,,,,55,,,,64
Lake Morena,2018,postgoat,10,20,2,25,75,1.5,0.5,,,,0,,,,1,,,,16,,,,17
Lake Morena,2018,postgoat,10,25,7,85,15,20,0.5,,,,0,,,,2,,,,2,,,,70
Lake Morena,2018,postgoat,11,5,3,30,70,1,0.5,,,,1,,,,1,,,,1,,,,0
Lake Morena,2018,postgoat,11,10,1,93,7,80,0.5,,,,800,,,,800,,,,800,,,,2
Lake Morena,2018,postgoat,11,15,2,97,3,90,0.5,,,,830,,,,830,,,,830,,,,32
Lake Morena,2018,postgoat,11,20,10,70,30,35,0.5,,,,4,,,,50,,,,48,,,,0
Lake Morena,2018,postgoat,11,25,7,55,45,25,0.5,,,,1,,,,11,,,,51,,,,97
Lake Morena,2018,postgoat,12,5,2,4,92,1,6,,,,4,,,,0,,,,1,,,,144
Lake Morena,2018,postgoat,12,10,3,2,89.5,1,1.5,,,,0,,,,0,,,,0,,,,0
Lake Morena,2018,postgoat,12,15,8,5,85.5,0.5,1,,,,2,,,,0,,,,0,,,,30
Lake Morena,2018,postgoat,12,20,3,1,90,5,0.5,,,,10,,,,0,,,,1,,,,15
Lake Morena,2018,postgoat,12,25,15,4,79.5,1,0.5,,,,2,,,,26,,,,2,,,,1
Lake Morena,2018,postgoat,13,5,28,11,75,15,0,,,,0,,,,15,,,,88,,,,62
Lake Morena,2018,postgoat,13,10,3,37,55,15,0,,,,0,,,,37,,,,0,,,,1
Lake Morena,2018,postgoat,13,15,5,30,65,10,1,,,,27,,,,0.5,,,,1,,,,64
Lake Morena,2018,postgoat,13,20,2,6,93,2,0.5,,,,0,,,,0,,,,0,,,,90
Lake Morena,2018,postgoat,13,25,40,40,40,1,0,,,,0,,,,2,,,,0.5,,,,2
Lake Morena,2018,postgoat,14,5,4.5,88,8,35,0.5,,,,1,,,,2,,,,10,,,,130
Lake Morena,2018,postgoat,14,10,30,35,60,0,1,,,,2,,,,0,,,,2,,,,1
Lake Morena,2018,postgoat,14,15,25,40,60,30,0,,,,0,,,,1,,,,0,,,,86
Lake Morena,2018,postgoat,14,20,15,79,20,6,0.5,,,,2,,,,1,,,,2,,,,52
Lake Morena,2018,postgoat,14,25,6,49,49,3,0.5,,,,0,,,,1,,,,0,,,,80
Lake Morena,2018,postgoat,15,5,2,25,75,0.5,0.5,,,,0,,,,0,,,,0,,,,1
Lake Morena,2018,postgoat,15,10,30,30,50,2,0.5,,,,75,,,,1,,,,8,,,,60
Lake Morena,2018,postgoat,15,15,2,40,60,0,1,,,,1,,,,1,,,,0,,,,0
Lake Morena,2018,postgoat,15,20,4,65,35,3,0.5,,,,1,,,,2,,,,1,,,,73
Lake Morena,2018,postgoat,15,25,70,60,20,5,0,,,,38,,,,56,,,,1,,,,3
Lake Morena,2018,postgoat,16,5,55,50,2,75,0,,,,850,,,,850,,,,200,,,,350
Lake Morena,2018,postgoat,16,10,1,85,0.5,99,1.5,,,,600,,,,600,,,,600,,,,600
Lake Morena,2018,postgoat,16,15,2,92,7,5,1,,,,1,,,,59,,,,1,,,,0
Lake Morena,2018,postgoat,16,20,1,80,15,30,0.5,,,,3,,,,4,,,,1,,,,0
Lake Morena,2018,postgoat,16,25,0.5,97,3,25,0.5,,,,0,,,,50,,,,67,,,,90
Lake Morena,2018,postgoat,17,5,1,40,6,0.5,0.5,,,,0,,,,0,,,,1,,,,1
Lake Morena,2018,postgoat,17,10,22,73,5,0.5,0,,,,4,,,,2,,,,0,,,,2
Lake Morena,2018,postgoat,17,15,28,66,6,0.5,0.5,,,,1,,,,0,,,,1,,,,1
Lake Morena,2018,postgoat,17,20,5,5,90,0.5,0.5,,,,0,,,,0,,,,1,,,,1
Lake Morena,2018,postgoat,17,25,10,45,30,33,0,,,,4,,,,2,,,,17,,,,30
Lake Morena,2018,postgoat,19,5,60,80,2,25,N/A,,,,64,,,,220,,,,380,,,,125
Lake Morena,2018,postgoat,19,10,10,95,0.5,22,N/A,,,,45,,,,125,,,,1,,,,120
Lake Morena,2018,postgoat,19,15,62,85,3,29,N/A,,,,35,,,,138,,,,150,,,,230
Lake Morena,2018,postgoat,19,20,10,92,3,25,N/A,,,,1,,,,210,,,,99,,,,149
Lake Morena,2018,postgoat,19,25,6,98,0,81,N/A,,,,70,,,,300,,,,290,,,,300
Lake Morena,2018,postgoat,20,5,80,30,0,20,N/A,,,,75,,,,76,,,,100,,,,111
Lake Morena,2018,postgoat,20,10,35,68,0,47,N/A,,,,10,,,,90,,,,105,,,,76
Lake Morena,2018,postgoat,20,15,5,75,5,25,N/A,,,,10,,,,1,,,,3,,,,152
Lake Morena,2018,postgoat,20,20,7,95,0,65,N/A,,,,55,,,,98,,,,172,,,,180
Lake Morena,2018,postgoat,20,25,6,95,0,75,N/A,,,,69,,,,94,,,,91,,,,60
Lake Morena,2018,postgoat,21,5,15,95,3,35,N/A,,,,275,,,,176,,,,270,,,,48
Lake Morena,2018,postgoat,21,10,10,92,0.5,55,N/A,,,,194,,,,308,,,,268,,,,20
Lake Morena,2018,postgoat,21,15,7,95,4,35,N/A,,,,220,,,,290,,,,210,,,,147
Lake Morena,2018,postgoat,21,20,15,96,2,30,N/A,,,,170,,,,4,,,,192,,,,89
Lake Morena,2018,postgoat,21,25,35,98,0.5,20,N/A,,,,117,,,,131,,,,78,,,,76
Lake Morena,2018,postgoat,22,5,8,50,50,6,N/A,,,,0,,,,50,,,,10,,,,1
Lake Morena,2018,postgoat,22,10,1,80,1,70,N/A,,,,1,,,,145,,,,120,,,,135
Lake Morena,2018,postgoat,22,15,15,92,0.5,62,N/A,,,,105,,,,136,,,,130,,,,100
Lake Morena,2018,postgoat,22,20,5,72,3,55,N/A,,,,85,,,,88,,,,70,,,,0
Lake Morena,2018,postgoat,22,25,4,60,28,3,N/A,,,,115,,,,1,,,,1,,,,84
Lake Morena,2018,postgoat,23,5,7,98,0,95,N/A,,,,155,,,,180,,,,120,,,,175
Lake Morena,2018,postgoat,23,10,8,97,0,95,N/A,,,,157,,,,140,,,,145,,,,160
Lake Morena,2018,postgoat,23,15,40,90,0,35,N/A,,,,50,,,,193,,,,2,,,,130
Lake Morena,2018,postgoat,23,20,56,80,0.5,35,N/A,,,,0,,,,1,,,,2,,,,125
Lake Morena,2018,postgoat,23,25,15,96,0.5,93,N/A,,,,240,,,,240,,,,200,,,,220
Lake Morena,2018,postgoat,24,5,7,99,0.5,60,N/A,,,,73,,,,99,,,,141,,,,168
Lake Morena,2018,postgoat,24,10,15,70,30,8,N/A,,,,1,,,,0,,,,140,,,,135
Lake Morena,2018,postgoat,24,15,12,94,5,50,N/A,,,,73,,,,148,,,,144,,,,168
Lake Morena,2018,postgoat,24,20,25,15,80,7,N/A,,,,70,,,,0,,,,57,,,,119
Lake Morena,2018,postgoat,24,25,25,96,1,10,N/A,,,,152,,,,141,,,,105,,,,98
Lake Morena,2018,postgoat,25,5,20,99,0.5,0.5,N/A,,,,1,,,,130,,,,2,,,,180
Lake Morena,2018,postgoat,25,10,30,85,1,4,N/A,,,,78,,,,70,,,,0,,,,62
Lake Morena,2018,postgoat,25,15,3,95,2,80,N/A,,,,99,,,,180,,,,140,,,,191
Lake Morena,2018,postgoat,25,20,2,98,0,12,N/A,,,,2,,,,0,,,,1,,,,159
Lake Morena,2018,postgoat,25,25,5,99,0,85,N/A,,,,250,,,,220,,,,277,,,,265
Lake Morena,2018,postgoat,26,5,10,82,10,35,N/A,,,,123,,,,210,,,,1,,,,200
Lake Morena,2018,postgoat,26,10,5,5,93,1.5,N/A,,,,121,,,,2,,,,0,,,,121
Lake Morena,2018,postgoat,26,15,7,95,0,90,N/A,,,,163,,,,142,,,,199,,,,189
Lake Morena,2018,postgoat,26,20,20,90,0,93,N/A,,,,210,,,,285,,,,210,,,,285
Lake Morena,2018,postgoat,26,25,4,98,0,91,N/A,,,,250,,,,400,,,,290,,,,230
,,,,,,,,,,,,,,,,,,,,,,,,,
,,,,,,,,,,,,,,,,,,,,,,,,,
,,,,,,,,,,,,,,,,,,,,,,,,,
,,,,,,,,,,,,,,,,,,,,,,,,,
,,,,,,,,,,,,,,,,,,,,,,,,,
,,,,,,,,,,,,,,,,,,,,,,,,,
,,,,,,,,,,,,,,,,,,,,,,,,,
,,,,,,,,,,,,,,,,,,,,,,,,,
,,,,,,,,,,,,,,,,,,,,,,,,,
,,,,,,,,,,,,,,,,,,,,,,,,,
,,,,,,,,,,,,,,,,,,,,,,,,,
,,,,,,,,,,,,,,,,,,,,,,,,,
,,,,,,,,,,,,,,,,,,,,,,,,,
,,,,,,,,,,,,,,,,,,,,,,,,,
,,,,,,,,,,,,,,,,,,,,,,,,,
,,,,,,,,,,,,,,,,,,,,,,,,,
,,,,,,,,,,,,,,,,,,,,,,,,,
,,,,,,,,,,,,,,,,,,,,,,,,,
,,,,,,,,,,,,,,,,,,,,,,,,,
,,,,,,,,,,,,,,,,,,,,,,,,,
,,,,,,,,,,,,,,,,,,,,,,,,,
,,,,,,,,,,,,,,,,,,,,,,,,,
,,,,,,,,,,,,,,,,,,,,,,,,,
,,,,,,,,,,,,,,,,,,,,,,,,,
,,,,,,,,,,,,,,,,,,,,,,,,,
,,,,,,,,,,,,,,,,,,,,,,,,,
,,,,,,,,,,,,,,,,,,,,,,,,,
,,,,,,,,,,,,,,,,,,,,,,,,,
,,,,,,,,,,,,,,,,,,,,,,,,,
,,,,,,,,,,,,,,,,,,,,,,,,,
,,,,,,,,,,,,,,,,,,,,,,,,,
,,,,,,,,,,,,,,,,,,,,,,,,,
